{
	"class_name" : "PinholeCameraParameters",
	"extrinsic" : 
	[
		0.99927980032586083,
		0.027369357811173334,
		0.026283053736422732,
		0.0,
		0.016707498762959887,
		-0.93924330881489992,
		0.34284525128915588,
		0.0,
		0.034069636713552044,
		-0.34215921016310924,
		-0.93902413960172715,
		0.0,
		0.32286994644450262,
		-5.3767793294706507,
		98.65054773958687,
		1.0
	],
	"intrinsic" : 
	{
		"height" : 1055,
		"intrinsic_matrix" : 
		[
			913.65680099258282,
			0.0,
			0.0,
			0.0,
			913.65680099258282,
			0.0,
			959.5,
			527.0,
			1.0
		],
		"width" : 1920
	},
	"version_major" : 1,
	"version_minor" : 0
}